<catalog>
    <widget>
        <name>widget-todo</name>
        <contextItemName>[BBHOST]</contextItemName>
        <extendedItemName>widget-base</extendedItemName>
        <properties>
            <property name="TemplateName">
                <value type="string">Standard_Widget</value>
            </property>
            <property name="title">
                <value type="string">Widget Todo Widget</value>
            </property>
            <property name="main:module">
                <value type="string">module-todo</value>
            </property>
            <property name="main:template">
                <value type="string">todo.html</value>
            </property>
        </properties>
        <tags>
            <tag type="regular">todo</tag>
            <tag type="section">extension</tag>
        </tags>
        <!--<feature>-->
            <!--<properties>-->
                <!--<property name="dependency">-->
                    <!--<value>core</value>-->
                <!--</property>-->
                <!--<property name="dependency">-->
                    <!--<value>module-todo</value>-->
                <!--</property>-->
            <!--</properties>-->
        <!--</feature>-->
        <!--<feature>-->
            <!--<properties>-->
                <!--<property name="main:module">-->
                    <!--<value>module-todo</value>-->
                <!--</property>-->
                <!--<property name="main:template">-->
                    <!--<value>todo.html</value>-->
                <!--</property>-->
            <!--</properties>-->
        <!--</feature>-->
    </widget>
</catalog>
