<catalog>
    <widget>
        <name>widget-todo-extended</name>
        <extendedItemName>widget-todo</extendedItemName>
        <contextItemName>[BBHOST]</contextItemName>
        <properties>
            <property name="title">
                <value type="string">Widget Todo Extended</value>
            </property>
            <property name="dependency">
                <value type="string">core</value>
            </property>
            <property name="dependency">
                <value type="string">module-todo-extended</value>
            </property>
            <property name="main:module">
                <value type="string">module-todo-extended</value>
            </property>
            <property name="main:template">
                <value type="string">todo.html</value>
            </property>
        </properties>
        <!--<features>-->
            <!--<feature>-->
                <!--<properties>-->
                    <!--<property name="dependency">-->
                        <!--<value>core</value>-->
                    <!--</property>-->
                    <!--<property name="dependency">-->
                        <!--<value>module-todo-extended</value>-->
                    <!--</property>-->
                <!--</properties>-->
            <!--</feature>-->
            <!--<feature>-->
                <!--<properties>-->
                    <!--<property name="main:module">-->
                        <!--<value>module-todo-extended</value>-->
                    <!--</property>-->
                    <!--<property name="main:template">-->
                        <!--<value>todo.html</value>-->
                    <!--</property>-->
                <!--</properties>-->
            <!--</feature>-->
        <!--</features>-->
    </widget>
</catalog>
